{"Fid":"exHMBT5TTL24c7Qh16rSVE","Status":3,"AuthToken":"eyJhbGciOiJFUzI1NiIsInR5cCI6IkpXVCJ9.eyJhcHBJZCI6IjE6MTAwNDE0NTY5NDM3OmFuZHJvaWQ6ZGMzZDFkOWQ3N2NkMjZhOTU0NTQzNCIsImV4cCI6MTc1OTAyOTA0NCwiZmlkIjoiZXhITUJUNVRUTDI0YzdRaDE2clNWRSIsInByb2plY3ROdW1iZXIiOjEwMDQxNDU2OTQzN30.AB2LPV8wRAIgHuRlIG03pIv1GUZhWFFqhRGKV8rnFkkiP56TZTueaqcCIEH2-dCVGFb4mZhvFkMO9bLSBHJ6Klt6LrDEWYPGR86K","RefreshToken":"3_AS3qfwKoQSz1WmTJ8l6cgmCzAHShMjQeYukw7VdIb2LqXYgSNfCWvRaxWBtiSH9kIOZL4wWwujeG7-4a6kcCRzzccLm_EynynqmkRn46c4b3CA","TokenCreationEpochInSecs":1758424243,"ExpiresInSecs":604800}