<?xml version='1.0' encoding='utf-8' standalone='yes' ?>
<map>
    <long name="first_open_time" value="1746444113251" />
    <string name="gmp_app_id">1:100414569437:android:dc3d1d9d77cd26a9545434</string>
    <string name="app_instance_id">d4a87938770207089bcc09503662060c</string>
    <boolean name="has_been_opened" value="true" />
    <boolean name="app_backgrounded" value="false" />
    <boolean name="allow_remote_dynamite" value="true" />
    <long name="health_monitor:start" value="1746444138454" />
    <boolean name="use_service" value="true" />
    <boolean name="start_new_session" value="true" />
</map>
